E1,E2,E3,E4,E5,E6,E7,E8,E9,E10,E11,E12
152,90,154,69,83,126,-221,15,10,133,79,-93
152,90,154,69,83,126,-221,15,10,133,79,-93
152,90,154,69,83,126,-221,15,10,133,79,-93
152,90,154,69,83,126,-221,15,10,133,79,-93
152,90,154,69,83,126,-221,15,10,133,79,-93
152,90,154,69,83,126,-221,15,10,133,79,-93
152,90,154,69,83,126,-221,15,10,133,79,-93
152,90,154,69,83,126,-221,15,10,133,79,-93
152,90,154,69,83,126,-221,15,10,133,79,-93
152,90,154,69,83,126,-221,15,10,133,79,-93
152,90,154,69,83,126,-221,15,10,133,79,-93
152,90,154,69,83,126,-221,15,10,133,79,-93
152,90,154,69,83,126,-221,15,10,133,79,-93
152,90,154,69,83,126,-221,15,10,133,79,-93
152,90,154,69,83,126,-221,15,10,133,79,-93
152,90,154,69,83,126,-221,15,10,133,79,-93
152,90,154,69,83,126,-221,15,10,133,79,-93
152,90,154,69,83,126,-221,15,10,133,79,-93
152,90,154,69,83,126,-221,15,10,133,79,-93
152,90,154,69,83,126,-221,15,10,133,79,-93
152,90,154,69,83,126,-221,15,10,133,79,-93
156,91,167,80,76,130,-236,26,3,128,66,-91
165,81,187,89,76,142,-245,38,-8,124,58,-89
172,76,210,95,76,153,-257,43,-21,123,62,-88
178,80,229,99,77,157,-261,43,-30,123,68,-90
177,85,245,95,78,155,-255,36,-32,123,72,-102
168,89,257,106,79,153,-246,22,-29,121,77,-119
157,99,272,98,85,154,-236,16,-17,121,84,-120
150,106,277,82,85,147,-237,21,-5,117,95,-101
151,104,268,67,86,138,-246,34,2,111,106,-63
162,97,277,60,95,136,-234,43,8,119,113,-30
168,93,270,60,86,127,-223,44,16,115,106,-10
166,92,262,68,87,140,-199,33,19,120,78,1
177,99,253,72,70,149,-174,13,22,128,73,2
176,104,244,67,46,156,-155,21,12,142,74,-2
183,115,232,59,22,154,-150,29,-7,157,83,-27
185,126,217,51,0,153,-149,29,-5,166,90,-61
192,135,203,51,-24,149,-149,21,-7,167,94,-70
196,167,186,53,-47,142,-143,15,11,158,90,-85
193,181,172,52,-59,128,-135,11,23,150,83,-91
179,191,157,52,-63,105,-131,8,28,153,81,-98
162,191,141,50,-60,83,-133,8,30,164,80,-104
145,184,126,49,-59,65,-142,12,34,171,77,-110
132,169,116,55,-66,56,-150,14,41,175,71,-119
121,154,106,50,-81,45,-157,19,48,171,68,-127
107,147,92,52,-95,38,-162,23,48,158,70,-137
90,150,80,34,-93,44,-161,25,39,140,73,-143
78,162,61,6,-82,47,-167,25,28,123,77,-147
68,170,26,-25,-71,42,-198,24,13,108,81,-153
64,168,12,-53,-59,46,-214,19,-7,106,92,-162
52,160,-5,-72,-67,34,-240,14,-25,86,109,-171
33,156,-11,-83,-66,29,-253,17,-44,79,121,-177
31,161,-17,-91,-73,19,-260,17,-59,70,155,-186
17,165,-21,-94,-81,20,-261,32,-79,65,168,-184
9,173,-19,-93,-87,29,-259,32,-96,62,156,-176
-7,174,-13,-90,-89,36,-254,29,-91,58,129,-170
-26,160,-2,-85,-85,35,-244,25,-93,51,108,-139
-40,160,13,-88,-83,29,-235,30,-89,38,96,-117
-47,141,25,-95,-83,23,-231,43,-93,26,92,-92
-57,126,31,-102,-85,18,-236,59,-96,10,89,-72
-67,109,33,-113,-87,15,-244,67,-88,-17,88,-61
-77,89,31,-129,-86,12,-257,62,-72,-55,88,-60
-90,60,22,-143,-80,9,-266,46,-66,-84,85,-66
-115,27,13,-160,-72,7,-270,25,-66,-98,73,-72
-151,-2,6,-148,-61,4,-280,9,-62,-107,53,-75
-191,-25,7,-142,-46,5,-287,-8,-55,-112,40,-77
-212,-40,14,-135,-37,-2,-290,-24,-47,-119,35,-82
-218,-48,20,-125,-38,-11,-300,-37,-40,-123,32,-84
-209,-56,39,-113,-35,-9,-293,-46,-32,-104,32,-83
-202,-60,33,-108,-49,-14,-299,-61,-22,-103,29,-83
-198,-61,24,-115,-45,2,-303,-72,-14,-100,14,-83
-174,-58,17,-124,-46,11,-305,-89,2,-106,11,-85
-166,-60,21,-132,-50,22,-304,-81,10,-111,-1,-93
-161,-69,35,-134,-53,28,-303,-74,10,-108,-11,-108
-165,-91,45,-136,-40,24,-304,-69,22,-103,-13,-117
-166,-115,56,-134,-13,20,-304,-73,14,-98,-10,-93
-165,-108,63,-126,20,15,-302,-81,13,-98,-5,-72
-167,-104,70,-114,46,8,-301,-91,5,-107,3,-48
-174,-95,77,-95,57,-5,-294,-95,-5,-124,10,-31
-184,-86,81,-72,63,-20,-281,-96,-17,-149,19,-24
-187,-80,85,-47,61,-32,-263,-98,-23,-177,30,-20
-189,-76,84,-22,59,-31,-245,-106,-25,-199,43,-12
-192,-77,81,-10,56,-23,-230,-120,-22,-202,57,0
-195,-77,76,14,53,-16,-221,-133,-12,-190,66,13
-198,-77,72,25,55,-15,-211,-140,4,-166,71,28
-199,-72,60,37,59,-27,-205,-139,18,-145,78,46
-203,-65,40,44,57,-34,-218,-132,24,-130,89,62
-196,-55,43,48,67,-23,-219,-127,27,-103,104,71
-191,-49,44,52,69,-17,-230,-120,29,-95,115,77
-192,-46,52,55,82,7,-230,-109,30,-84,120,91
-171,-44,54,54,85,21,-221,-111,48,-77,150,103
-159,-36,45,49,88,28,-208,-99,69,-71,172,115
-142,-21,31,44,91,32,-198,-100,90,-63,179,121
-127,-9,20,41,93,40,-191,-98,121,-59,176,115
-115,-9,8,43,92,42,-185,-90,136,-51,180,130
-111,4,-4,47,89,34,-176,-81,156,-35,192,134
-119,6,-14,49,88,19,-161,-73,175,-10,204,136
-129,11,-19,52,88,4,-147,-64,197,19,213,133
-140,16,-22,44,85,-2,-135,-50,206,36,211,123
-146,19,-22,31,83,-11,-128,-40,189,46,205,106
-143,15,-18,34,81,-24,-128,-31,165,65,199,83
-129,0,-13,38,85,-37,-132,-19,150,96,196,67
-118,-14,-9,62,100,-48,-140,1,146,127,193,61
-107,-21,-2,79,120,-51,-146,20,147,162,183,71
-97,-13,6,91,122,-52,-151,36,150,182,170,88
-82,1,15,100,107,-42,-154,52,153,192,156,114
-55,13,43,109,88,-18,-128,67,147,208,148,142
-33,20,60,115,52,-11,-119,85,138,202,150,171
-22,26,71,114,37,9,-111,114,119,194,134,195
12,32,81,114,24,27,-104,120,103,181,134,206
42,37,93,113,11,47,-98,139,86,175,121,205
71,39,107,117,-12,62,-86,149,71,182,111,193
82,34,122,124,-27,65,-63,158,75,199,102,174
75,31,133,130,-29,59,-33,163,66,216,101,177
63,67,142,135,-19,52,-9,161,69,224,107,168
59,101,154,143,-6,46,3,150,69,223,106,167
71,132,171,153,3,46,6,133,65,218,105,171
90,159,193,152,8,41,6,121,54,212,116,174
108,193,211,139,10,34,4,119,41,215,133,171
121,230,228,124,16,33,3,126,28,226,150,165
134,265,245,99,23,44,1,133,21,244,162,158
147,299,256,100,33,54,-5,140,26,256,170,159
161,316,261,96,49,66,-3,150,43,266,183,162
168,318,259,94,59,65,0,163,60,262,200,163
175,313,247,90,66,51,-5,179,77,259,221,164
188,307,252,88,87,44,11,189,96,288,235,164
201,301,254,90,96,32,25,195,118,311,252,161
210,294,261,97,109,43,49,205,132,342,252,158
228,289,268,107,108,56,75,205,146,370,262,150
226,280,271,119,102,76,97,226,150,399,253,145
226,277,268,129,96,92,110,242,149,432,231,145
227,276,261,141,95,104,116,257,169,467,206,141
229,268,261,160,97,112,111,271,184,498,195,150
234,279,269,182,100,118,107,282,209,528,199,132
240,277,274,196,99,120,113,291,220,553,212,107
250,281,273,203,94,121,128,303,226,571,226,77
264,286,269,197,95,122,150,309,242,583,236,58
282,296,269,182,99,125,172,304,270,589,241,51
291,302,280,173,98,128,192,290,303,594,245,52
285,304,298,159,89,130,214,283,335,601,250,54
278,308,313,173,75,133,230,292,362,607,261,46
278,315,319,185,69,146,237,308,378,612,274,33
283,326,314,195,66,164,235,320,382,607,282,26
282,337,299,201,62,178,231,329,377,589,288,21
282,343,300,200,66,204,259,334,370,581,291,21
279,346,289,192,50,208,282,327,361,560,296,26
270,350,284,176,45,222,308,322,350,548,286,36
283,363,277,157,33,228,333,295,347,535,289,44
287,377,270,135,22,238,352,278,340,519,277,53
287,391,263,118,14,255,357,255,324,495,269,53
276,402,261,101,4,279,356,240,314,469,267,36
258,399,265,83,-8,304,352,234,281,439,267,27
240,406,274,62,-18,319,348,234,255,411,264,4
224,391,282,41,-13,322,340,227,235,387,250,-11
210,374,283,24,-1,312,319,215,224,359,226,-18
193,354,280,6,9,296,299,198,221,327,194,-21
171,331,269,-10,19,273,287,169,212,293,158,-23
148,304,256,-21,29,254,278,131,193,269,120,-20
124,279,244,-48,42,234,262,91,169,251,87,-9
100,258,228,-62,56,219,236,51,150,226,63,4
78,237,208,-80,67,204,206,5,138,200,47,21
53,211,182,-96,65,177,176,-29,120,163,41,43
26,182,141,-109,54,153,141,-38,100,120,43,70
5,160,116,-122,58,145,126,-40,83,103,53,93
-16,138,80,-137,48,124,99,-48,73,84,67,104
-38,122,49,-151,46,112,74,-57,58,74,60,101
-44,112,23,-163,37,90,46,-92,39,60,60,84
-66,99,3,-177,36,71,15,-119,17,47,39,68
-90,85,-17,-196,41,56,-10,-152,-3,32,3,46
-106,64,-35,-224,52,49,-38,-175,3,13,-35,19
-107,26,-48,-254,62,48,-71,-190,8,-9,-69,21
-97,4,-57,-280,70,48,-102,-200,21,-29,-93,20
-86,-36,-61,-298,75,42,-127,-208,23,-43,-109,25
-82,-78,-68,-308,75,21,-154,-219,10,-48,-116,30
-79,-112,-84,-314,78,-17,-182,-234,-9,-50,-119,28
-75,-137,-108,-321,85,-58,-210,-255,-21,-63,-113,18
-68,-150,-123,-321,98,-87,-242,-277,-29,-80,-101,9
-63,-163,-126,-337,111,-106,-279,-299,-32,-102,-86,13
-77,-181,-128,-334,112,-125,-311,-314,-36,-121,-66,17
-104,-204,-130,-340,104,-140,-322,-322,-45,-133,-43,16
-124,-217,-143,-349,88,-157,-319,-326,-57,-147,-21,16
-133,-217,-174,-346,63,-170,-324,-327,-69,-173,-9,20
-127,-204,-189,-334,57,-163,-317,-331,-76,-190,1,17
-113,-191,-202,-314,35,-171,-315,-340,-83,-209,19,11
-107,-188,-204,-295,27,-172,-311,-332,-96,-206,22,8
-91,-191,-196,-284,19,-178,-314,-332,-104,-198,37,7
-91,-194,-179,-293,14,-173,-317,-319,-111,-191,39,14
-87,-199,-161,-305,13,-163,-316,-320,-126,-197,38,23
-85,-218,-149,-305,13,-156,-312,-327,-123,-207,35,30
-85,-255,-138,-289,9,-149,-299,-338,-134,-219,39,53
-86,-263,-133,-270,5,-142,-276,-352,-135,-232,53,60
-83,-267,-129,-259,10,-132,-251,-366,-136,-239,69,73
-74,-261,-133,-244,23,-121,-250,-376,-136,-244,78,87
-61,-255,-135,-235,40,-108,-262,-376,-130,-253,86,90
-42,-255,-135,-228,52,-93,-269,-365,-123,-266,92,79
-31,-259,-133,-215,61,-75,-253,-348,-124,-273,88,57
-23,-262,-126,-218,64,-61,-216,-337,-134,-266,78,36
-16,-265,-121,-210,64,-62,-177,-332,-139,-256,64,20
-11,-267,-115,-217,73,-67,-143,-334,-136,-244,51,10
-10,-265,-111,-222,79,-76,-118,-336,-128,-242,37,3
-14,-261,-119,-216,77,-77,-108,-329,-122,-250,19,1
-15,-256,-110,-198,83,-67,-83,-318,-116,-246,0,3
-19,-249,-117,-179,77,-78,-66,-317,-112,-256,-11,7
-30,-238,-124,-167,85,-84,-51,-312,-110,-254,-35,14
-20,-230,-137,-163,87,-100,-44,-314,-99,-253,-49,15
-19,-227,-147,-167,87,-116,-38,-293,-85,-253,-70,17
-18,-222,-150,-177,85,-127,-26,-274,-78,-260,-83,16
-22,-220,-155,-196,86,-142,-9,-259,-64,-271,-79,3
-26,-234,-164,-218,91,-151,6,-250,-62,-283,-68,2
-28,-241,-172,-230,97,-155,19,-254,-55,-301,-57,-15
-24,-264,-175,-233,94,-160,21,-268,-52,-320,-50,-31
-17,-289,-179,-228,80,-168,20,-283,-46,-338,-44,-42
-10,-309,-187,-232,65,-172,22,-285,-44,-342,-43,-51
-1,-323,-194,-247,61,-176,32,-272,-48,-341,-46,-57
8,-326,-203,-254,66,-185,37,-250,-49,-333,-59,-52
14,-323,-212,-267,74,-195,37,-236,-50,-326,-76,-44
10,-325,-218,-253,72,-206,30,-230,-45,-328,-88,-40
8,-329,-227,-244,60,-211,26,-225,-45,-329,-80,-42
11,-331,-243,-239,35,-219,23,-223,-51,-330,-55,-47
13,-329,-270,-240,10,-234,6,-223,-55,-331,-30,-43
18,-325,-273,-244,5,-233,-3,-226,-47,-317,-7,-30
24,-326,-281,-246,-12,-243,-25,-227,-37,-321,15,-15
17,-333,-283,-240,-7,-241,-46,-207,-31,-317,17,1
19,-337,-279,-231,-2,-242,-70,-200,-21,-311,29,11
5,-337,-272,-225,3,-251,-89,-181,-16,-299,25,15
1,-331,-263,-219,6,-266,-101,-178,-21,-284,13,12
6,-320,-254,-212,10,-268,-117,-179,-20,-272,4,-4
18,-328,-242,-204,5,-251,-129,-181,-34,-271,5,-5
27,-332,-233,-198,-5,-230,-138,-187,-34,-273,13,-17
28,-344,-226,-199,-10,-216,-139,-193,-27,-279,26,-26
28,-352,-220,-192,-14,-213,-138,-205,-19,-289,40,-33
16,-361,-219,-186,-12,-219,-144,-214,-9,-303,46,-41
2,-370,-213,-175,-3,-226,-152,-217,-3,-316,44,-49
-7,-378,-207,-154,4,-229,-154,-215,3,-324,40,-52
-4,-388,-195,-156,3,-232,-151,-212,5,-321,34,-51
3,-390,-187,-150,-5,-241,-146,-208,1,-312,29,-50
5,-380,-181,-160,0,-244,-140,-204,-7,-291,20,-50
1,-365,-179,-170,-1,-243,-135,-203,-18,-275,9,-52
-16,-352,-189,-175,-8,-233,-143,-201,-30,-271,-9,-52
-36,-344,-177,-166,-1,-201,-134,-208,-40,-254,-25,-45
-60,-337,-166,-159,-7,-182,-137,-223,-45,-252,-28,-35
-95,-331,-149,-154,1,-159,-145,-226,-46,-248,-44,-29
-108,-318,-132,-150,8,-144,-157,-245,-36,-250,-42,-32
-125,-304,-116,-144,12,-133,-173,-240,-25,-251,-50,-38
-141,-290,-108,-135,9,-122,-178,-231,-20,-254,-56,-41
-158,-278,-110,-126,-1,-115,-168,-209,-3,-256,-70,-51
-168,-282,-129,-126,-11,-112,-150,-187,-5,-257,-84,-40
-164,-274,-152,-132,-21,-116,-130,-174,-14,-255,-95,-37
-154,-279,-173,-144,-28,-119,-112,-172,-34,-258,-105,-34
-146,-285,-186,-147,-32,-113,-100,-174,-52,-264,-114,-33
-145,-288,-181,-151,-37,-95,-92,-170,-75,-274,-127,-35
-149,-287,-166,-153,-45,-70,-89,-163,-95,-283,-138,-38
-156,-280,-146,-142,-49,-49,-87,-151,-112,-288,-151,-39
-157,-267,-133,-145,-45,-34,-78,-141,-123,-289,-163,-42
-155,-256,-130,-138,-44,-28,-69,-133,-133,-285,-174,-49
-157,-251,-135,-139,-43,-20,-58,-125,-144,-267,-187,-61
-157,-256,-135,-137,-53,-25,-43,-128,-147,-246,-195,-79
-165,-274,-142,-134,-70,-44,-40,-138,-140,-235,-202,-97
-171,-291,-131,-126,-70,-47,-24,-155,-126,-217,-206,-108
-168,-297,-128,-109,-78,-57,-18,-180,-108,-223,-208,-117
-168,-280,-122,-94,-73,-53,-13,-190,-86,-224,-225,-131
-148,-258,-111,-81,-66,-50,-6,-210,-56,-226,-221,-144
-135,-248,-101,-70,-55,-49,-1,-211,-43,-225,-220,-141
-119,-248,-98,-65,-45,-52,-2,-222,-56,-219,-212,-124
-104,-254,-98,-71,-29,-59,-11,-233,-67,-208,-197,-111
-98,-277,-101,-83,-14,-71,-28,-250,-85,-201,-185,-77
-94,-278,-107,-98,-7,-88,-42,-267,-92,-204,-180,-59
-97,-283,-108,-105,-3,-105,-46,-273,-102,-201,-184,-47
-109,-277,-108,-101,1,-114,-45,-266,-114,-192,-191,-39
-126,-266,-100,-98,8,-106,-35,-252,-127,-183,-199,-34
-138,-248,-87,-98,13,-93,-22,-241,-135,-176,-207,-37
-145,-225,-74,-86,24,-77,-14,-236,-136,-164,-226,-45
-148,-203,-58,-83,40,-53,-17,-235,-137,-150,-244,-54
-149,-188,-52,-62,55,-26,-35,-229,-141,-141,-255,-56
-143,-177,-55,-47,73,-6,-61,-212,-139,-133,-254,-48
-132,-171,-57,-29,78,-6,-76,-190,-131,-128,-246,-36
-129,-172,-65,-12,71,-10,-97,-166,-123,-128,-236,-31
-127,-177,-54,1,72,3,-96,-149,-117,-107,-224,-34
-124,-180,-49,9,63,-4,-97,-137,-112,-97,-202,-47
-138,-174,-46,9,67,-4,-91,-115,-109,-80,-191,-59
-129,-162,-43,3,76,-9,-83,-112,-101,-62,-168,-62
-123,-155,-44,-4,86,-8,-77,-99,-93,-53,-160,-46
-114,-153,-45,-8,99,-3,-70,-99,-94,-47,-158,-24
-106,-152,-40,-10,101,2,-61,-98,-79,-42,-153,-18
-104,-159,-34,-10,92,3,-59,-94,-84,-39,-140,2
-100,-141,-27,-10,81,6,-63,-88,-99,-34,-128,15
-84,-126,-22,-11,72,12,-67,-76,-123,-24,-120,13
-64,-108,-16,-9,69,22,-65,-68,-147,-17,-116,-2
-50,-98,-10,-2,66,33,-55,-58,-164,-19,-121,-26
-40,-98,-2,9,59,40,-41,-56,-173,-24,-125,-47
-36,-99,-1,30,45,41,-29,-56,-175,-31,-131,-54
-33,-94,-6,31,35,34,-25,-53,-170,-39,-135,-45
-37,-85,-10,35,29,29,-30,-43,-160,-54,-145,-21
-41,-79,-4,28,36,31,-32,-25,-148,-61,-150,6
-44,-74,12,18,36,27,-18,-7,-142,-63,-145,15
-47,-73,11,8,27,20,-3,16,-138,-66,-142,9
-46,-79,15,-1,32,24,30,31,-137,-48,-136,-6
-46,-71,9,-9,23,20,48,29,-131,-41,-123,-18
-59,-51,6,-11,28,26,59,39,-122,-37,-127,-28
-38,-26,10,-5,34,20,69,44,-114,-33,-120,-40
-19,0,18,2,38,13,77,73,-113,-27,-122,-53
2,23,25,4,37,14,81,98,-116,-16,-125,-74
20,34,26,-3,37,21,84,119,-109,-1,-133,-104
37,27,20,-10,35,23,79,134,-117,16,-145,-106
57,47,13,-14,30,20,75,147,-123,20,-160,-112
68,64,13,-14,24,11,86,161,-130,24,-180,-109
64,82,18,-7,18,-3,115,170,-133,28,-198,-98
49,98,26,-5,10,-24,153,181,-138,27,-212,-86
34,105,32,-11,-2,-40,189,187,-139,26,-218,-80
26,103,35,-3,-14,-50,217,195,-132,27,-223,-89
29,89,36,-7,-17,-51,240,201,-117,36,-219,-100
33,76,27,3,-22,-42,250,206,-93,54,-206,-108
28,59,12,7,-19,-21,258,217,-66,74,-190,-112
25,47,-1,6,-16,-5,274,238,-46,85,-177,-112
27,41,-25,1,-17,1,284,257,-34,83,-180,-105
31,37,-25,1,3,21,312,256,-25,95,-197,-95
34,39,-21,8,11,25,328,235,-15,98,-205,-84
24,42,-2,28,22,29,332,234,-7,107,-215,-71
35,49,19,40,23,22,327,223,1,112,-201,-64
36,54,35,40,18,11,319,226,-2,119,-193,-58
35,61,52,39,7,0,311,225,-13,131,-179,-48
36,66,67,38,-5,-4,307,228,-6,143,-164,-44
39,57,84,44,-18,1,305,234,-8,149,-158,-22
42,64,91,54,-31,5,309,238,-5,151,-154,-12
37,64,91,61,-41,5,309,241,-2,151,-137,-1
30,68,84,67,-41,-3,304,243,8,156,-122,9
26,68,72,66,-37,-8,296,244,16,161,-119,17
21,69,53,68,-39,-5,289,244,16,156,-123,27
13,69,37,81,-45,9,283,246,16,142,-121,40
4,68,33,85,-51,33,280,252,17,128,-108,43
4,71,40,99,-60,64,274,255,26,116,-98,40
10,68,45,111,-68,102,264,256,40,105,-104,34
21,59,54,123,-83,121,256,249,55,87,-117,26
37,46,43,133,-103,111,234,244,68,55,-134,22
50,37,46,145,-104,97,221,240,76,42,-151,28
57,31,39,157,-119,60,202,238,78,29,-159,38
48,23,37,159,-117,31,190,248,72,34,-180,46
59,18,41,155,-112,11,185,242,71,50,-184,41
54,5,49,149,-101,-1,182,246,66,65,-190,34
42,-13,61,144,-90,-8,179,246,55,76,-191,34
27,-31,70,140,-80,-18,172,245,58,83,-188,26
14,-56,74,145,-72,-25,161,240,49,81,-187,41
-3,-58,72,153,-64,-28,141,232,40,69,-186,45
-15,-65,62,164,-59,-31,120,220,26,48,-180,51
-20,-70,52,170,-62,-30,109,202,16,28,-164,50
-24,-76,42,162,-69,-24,108,186,10,15,-143,44
-23,-77,31,143,-67,-20,105,172,2,8,-118,36
-16,-74,20,136,-56,-23,97,160,-7,3,-103,29
-2,-72,14,124,-39,-25,89,147,-5,-1,-99,20
12,-73,8,134,-32,-30,76,137,2,-21,-99,13
25,-76,3,145,-29,-31,64,130,4,-37,-99,20
34,-83,3,160,-31,-42,57,127,4,-39,-93,29
40,-84,-14,167,-40,-58,32,133,1,-30,-92,36
40,-77,-13,163,-27,-58,27,136,0,5,-98,43
43,-67,-23,139,-34,-69,11,138,5,28,-90,56
29,-61,-36,111,-46,-71,4,157,10,50,-97,67
32,-56,-43,91,-58,-83,3,165,10,75,-87,69
28,-55,-42,74,-64,-99,9,179,0,105,-86,64
27,-53,-34,58,-58,-109,14,180,-23,130,-82,57
25,-47,-24,42,-43,-117,15,171,-24,146,-80,35
24,-58,-11,37,-20,-124,13,154,-30,147,-82,28
22,-55,3,37,-1,-133,18,136,-37,136,-79,4
19,-55,11,33,13,-136,34,120,-51,125,-68,-23
17,-46,7,31,23,-134,62,103,-73,116,-51,-36
19,-45,-4,23,33,-130,90,86,-88,100,-34,-31
16,-55,-14,12,37,-124,103,72,-91,73,-19,-21
6,-68,-22,10,34,-111,102,65,-90,42,-5,-15
-6,-87,-26,-13,28,-95,97,60,-92,20,5,-14
-15,-106,-28,-25,20,-81,88,50,-97,2,2,-14
-23,-132,-28,-33,22,-61,78,38,-98,-9,-12,-7
-23,-150,-20,-27,18,-50,77,30,-93,-16,-29,1
-24,-155,-29,-12,4,-52,60,29,-82,-29,-50,13
-29,-153,-26,1,3,-45,61,26,-73,-19,-69,11
-27,-147,-39,5,-7,-56,60,24,-60,-25,-70,14
-30,-144,-60,1,-4,-58,63,44,-52,-40,-78,24
-7,-145,-74,-9,6,-58,70,54,-43,-65,-72,34
5,-144,-73,-22,21,-50,83,68,-38,-88,-75,41
10,-143,-62,-30,27,-41,94,77,-44,-108,-77,47
15,-135,-50,-26,14,-31,101,88,-33,-125,-77,36
17,-136,-44,-12,-7,-27,113,99,-32,-136,-68,34
18,-117,-46,10,-14,-38,127,101,-23,-140,-58,13
14,-114,-57,29,-7,-62,146,96,-12,-144,-55,-12
8,-114,-66,52,1,-92,162,85,-1,-158,-57,-38
4,-109,-69,62,5,-110,178,76,4,-163,-69,-62
-2,-95,-65,58,0,-115,179,69,4,-159,-86,-77
-13,-84,-64,59,-8,-111,167,68,-1,-143,-106,-92
-17,-82,-63,51,-17,-109,152,70,-8,-129,-123,-102
-7,-81,-70,57,-23,-113,129,74,-9,-126,-135,-114
13,-83,-85,66,-24,-113,101,77,-2,-130,-141,-122
35,-88,-89,82,-30,-116,90,76,11,-132,-145,-126
48,-88,-100,102,-44,-129,82,71,29,-138,-148,-120
53,-76,-90,118,-32,-125,98,57,56,-119,-150,-104
47,-59,-88,129,-22,-135,102,41,83,-113,-139,-84
29,-42,-83,138,-5,-145,95,53,91,-106,-137,-61
25,-31,-80,144,3,-156,96,59,86,-95,-118,-47
14,-26,-81,143,1,-164,110,80,78,-84,-104,-41
8,-24,-88,144,-4,-172,133,86,65,-71,-92,-32
6,-19,-100,149,-12,-178,147,81,77,-60,-84,-35
8,-24,-110,155,-26,-181,162,75,78,-53,-78,-30
8,-13,-117,165,-41,-184,182,74,72,-54,-81,-37
11,-9,-119,169,-53,-181,201,74,50,-50,-92,-44
15,-4,-122,168,-55,-183,211,77,30,-45,-106,-50
18,1,-126,160,-49,-186,209,77,19,-41,-119,-55
24,7,-130,142,-41,-195,198,73,21,-43,-122,-61
26,19,-132,140,-37,-207,182,63,31,-49,-111,-56
22,30,-131,135,-38,-214,167,40,40,-60,-90,-41
16,42,-137,144,-46,-216,160,12,42,-72,-64,-34
17,58,-150,149,-52,-203,157,-12,37,-80,-42,-32
26,75,-153,150,-60,-187,164,-24,34,-88,-24,-30
32,90,-157,157,-72,-185,164,-18,33,-99,-25,-20
36,102,-135,166,-64,-177,183,-18,28,-89,-30,-5
42,108,-120,175,-69,-188,197,-30,17,-89,-23,6
37,117,-119,177,-69,-189,216,-33,1,-88,-33,13
55,125,-126,167,-66,-188,232,-57,-6,-86,-31,11
61,127,-134,155,-57,-183,246,-69,-4,-91,-31,13
69,129,-142,150,-42,-176,258,-73,-7,-95,-32,24
75,141,-147,160,-29,-167,263,-73,10,-97,-40,20
75,138,-138,175,-23,-156,263,-68,9,-97,-44,27
68,142,-120,187,-21,-132,257,-66,-2,-99,-40,18
55,130,-99,193,-17,-100,244,-66,-28,-102,-33,8
46,123,-80,199,-14,-75,220,-70,-57,-106,-30,3
45,127,-68,196,-18,-54,203,-68,-77,-108,-40,0
48,130,-68,185,-23,-45,197,-63,-86,-106,-59,-2
50,139,-76,189,-29,-43,194,-57,-86,-97,-79,-6
59,147,-85,178,-28,-46,200,-52,-78,-81,-96,-12
76,157,-95,179,-29,-43,207,-48,-64,-82,-105,-20
89,163,-94,178,-28,-27,214,-42,-51,-93,-107,-26
95,157,-77,173,-39,-17,224,-37,-42,-101,-95,-27
88,142,-71,166,-62,-33,217,-27,-43,-114,-86,-28
75,132,-59,157,-63,-41,226,-31,-48,-103,-81,-26
69,137,-59,149,-70,-60,231,-42,-52,-94,-68,-20
52,154,-62,148,-67,-69,238,-35,-58,-87,-71,-6
53,171,-69,148,-64,-65,249,-44,-60,-88,-67,-5
49,175,-71,152,-66,-57,265,-49,-66,-98,-67,-12
53,164,-66,147,-74,-49,279,-57,-82,-113,-61,-17
58,160,-61,130,-88,-51,291,-64,-76,-122,-52,-33
69,150,-59,114,-103,-58,294,-69,-71,-119,-43,-31
81,156,-62,107,-114,-59,285,-70,-58,-107,-40,-37
91,147,-63,111,-124,-54,269,-65,-38,-91,-43,-43
95,133,-62,131,-134,-50,251,-57,-26,-71,-46,-40
96,125,-55,143,-141,-46,243,-51,-19,-47,-46,-23
97,120,-44,139,-145,-42,247,-45,-16,-26,-50,0
92,111,-29,137,-146,-32,254,-47,-10,-14,-60,27
90,101,-11,110,-150,-10,259,-51,-5,-5,-68,49
92,98,-3,93,-161,8,251,-56,7,-2,-64,63
95,103,-3,80,-168,32,243,-60,22,3,-53,64
96,113,-1,72,-174,48,251,-67,31,10,-32,56
91,123,-12,64,-173,55,247,-65,40,12,-19,48
89,127,-7,57,-149,80,256,-65,43,28,-19,41
99,125,-10,45,-136,91,253,-67,39,32,-15,36
100,117,-14,21,-128,103,243,-48,31,38,-32,41
124,108,-18,-3,-129,109,225,-41,22,50,-39,51
141,93,-17,-23,-126,116,204,-28,13,67,-40,64
155,81,-15,-33,-118,125,184,-21,-9,76,-30,82
164,86,-19,-39,-113,136,172,-14,-3,76,-17,83
161,87,-23,-41,-114,144,174,-12,-7,70,-4,98
152,104,-26,-40,-122,146,188,-18,-14,66,7,93
144,110,-31,-43,-132,143,201,-22,-14,65,19,92
146,112,-33,-43,-142,141,200,-27,-4,65,29,99
150,112,-31,-50,-140,151,187,-29,9,68,34,114
147,124,-25,-60,-127,163,161,-27,25,77,33,128
134,148,-17,-51,-109,172,133,-23,37,88,29,133
110,174,-9,-60,-89,178,114,-17,45,103,30,128
85,192,-1,-64,-74,178,96,-13,47,110,37,120
69,201,5,-63,-53,180,77,-10,45,112,50,112
64,202,26,-47,-40,182,72,-14,40,109,68,102
64,199,37,-18,-37,185,57,-17,32,92,72,90
65,201,54,11,-18,211,52,-21,21,99,62,80
71,203,56,34,-14,224,44,-26,13,88,62,69
58,206,57,48,-13,227,47,-15,-6,71,44,61
57,209,57,53,-26,202,59,-14,-22,58,36,57
50,207,57,55,-43,169,72,-2,-28,57,22,64
48,198,50,56,-50,153,79,9,-34,62,10,81
48,195,43,52,-53,149,79,18,-20,64,7,75
45,176,33,45,-53,148,75,21,-20,66,9,74
37,168,28,39,-49,147,64,14,-19,61,12,61
26,160,34,33,-38,153,52,8,-19,55,19,53
16,154,41,37,-32,152,41,11,-25,48,28,48
13,146,44,40,-25,142,32,26,-27,45,32,49
15,140,44,35,-18,129,20,47,-34,47,32,53
25,139,41,44,-12,121,3,63,-43,50,23,61
36,141,37,39,-5,122,-11,76,-50,46,14,72
50,147,32,47,-3,131,-23,86,-53,35,11,74
60,154,29,59,-2,140,-23,91,-51,24,11,67
70,157,35,70,-4,138,-7,94,-46,16,21,54
69,154,21,75,-12,124,-5,100,-43,-4,29,40
65,155,23,75,1,130,5,101,-41,-9,30,36
68,158,24,69,-2,129,-2,100,-37,-19,47,38
55,161,24,67,-10,137,-19,125,-29,-17,40,42
53,164,29,68,-19,142,-33,146,-18,-13,41,41
40,154,35,71,-28,147,-41,178,-1,-13,41,42
29,135,37,76,-27,144,-44,201,5,-17,52,53
25,122,39,80,-23,134,-49,211,21,-24,64,52
30,105,39,81,-21,115,-54,215,22,-22,79,68
36,113,38,78,-23,92,-65,217,21,-16,100,76
39,120,37,71,-19,71,-77,219,16,-8,114,84
45,132,33,66,-12,57,-87,219,14,-3,125,80
55,143,31,59,-3,50,-91,221,9,-1,131,73
64,144,23,49,3,56,-92,225,0,-9,135,75
67,137,18,58,-1,64,-89,231,-7,-25,145,79
64,128,20,45,-15,74,-78,234,-21,-33,167,86
53,122,21,39,-29,86,-67,241,-29,-31,192,84
36,120,26,36,-29,105,-58,249,-27,-18,206,79
25,126,47,38,-27,120,-42,250,-10,-1,212,69
18,128,51,38,-39,125,-42,248,19,-1,205,60
11,121,72,37,-31,146,-29,243,45,11,195,58
14,103,83,34,-28,149,-16,235,67,9,198,58
8,75,87,28,-15,151,1,246,87,10,195,64
21,54,90,26,-3,149,12,232,108,21,200,61
30,59,94,29,1,148,15,212,124,36,203,49
43,84,100,42,0,147,22,195,123,48,211,48
